Emp_ID,Fname,M_init,Lname,Address,Salary ,SSN,Bdate,hours
19001,John,D,Davis,"123 D street, Houston, TX",67000,759010123,12/12/1982,0
19002,Joe,S,David,"1234 S street, Houston, TX",99000,743723273,2/23/1986,0
19003,Josh ,D,Dave,"1245 E Street, Houston, TX ",59000,643326543,1/12/1971,0
19004,JEFF,W,Dunn,"1345 Y Street , Katy, TX",67000,723346575,8/19/1992,0
19005,Fred,R,Johnson,"1232 South william RD, Houston TX",67000,767635632,4/5/1989,0
19006,Micheal,P,Williams,"7233 Jones Dr , Houston, TX",109000,719323134,2/6/1999,0
19007,Danny,T,Gregs,"7324 Dallas ave, Houston, TX",58000,756327899,11/9/1979,0
19008,Mary,E,Brown,"3412 Trail Forest Dr, Sugarland, TX",67000,758098272,5/6/1981,0
19009,Fred,S,Ola,"21413 Meadow Forest Dr, Houston,TX",68000,732121232,7/19/1982,0
19010,Sierra,O,Stevenson,"3114 Jacobs Forest Dr, Houston, TX",75000,734342353,1/4/1976,0
19011,Nick,E,Stephen,"9415 Haven Forest Dr, Houston, TX",89000,723445354,12/4/1989,0
19012,Timmy,F,Dunn,"59416 Woodland Pines Dr, Houston, TX",64000,722325654,6/13/1988,0
19013,Alex,V,Malik,"12417 Wonder Forest Rd, Houston, TX",97000,756235634,5/2/1989,0
19014,Ray,T,Johnson,"76418 Ponderosa Pines Dr, Houston, TX",202000,823782342,12/5/1975,0
19015,Derek,A,Davis,"1219 Trail Forest ave, Houston, TX",49000,732893428,3/26/1999,0
19016,Jame,Q,Lee,"68420 cedar Forest Dr, Houston, TX",61000,769762343,9/5/1998,0
19017,Howard,T,Brown,"27421 Creek Forest Dr, Houston, TX",361212,754237673,12/23/1967,0
